timestamp,simTime,prey,predator,resources,drought,memoryUsedMB
0.003,1,98.00,26.13,99.80,0.00,5.13
0.010,2,95.94,27.27,99.61,0.00,5.13
0.016,3,93.82,28.45,99.42,0.00,5.13
0.022,4,91.64,29.64,99.24,0.00,5.13
0.028,5,89.42,30.85,99.06,0.00,5.13
0.034,6,87.15,32.07,98.89,0.00,5.13
0.040,7,84.84,33.31,98.73,0.00,5.13
0.046,8,82.50,34.56,98.57,0.00,5.13
0.052,9,80.13,35.81,98.42,0.00,5.13
0.058,10,77.73,37.07,98.27,0.00,5.13
0.064,11,75.32,38.32,98.14,0.00,5.13
0.070,12,72.90,39.57,98.00,0.00,5.13
0.076,13,70.47,40.82,97.88,0.00,5.13
0.082,14,68.05,42.05,97.76,0.00,5.13
0.088,15,65.63,43.27,97.64,0.00,5.13
0.094,16,63.22,44.47,97.54,0.00,5.13
0.100,17,60.84,45.66,97.43,0.00,5.13
0.106,18,58.48,46.82,97.34,0.00,5.13
0.113,19,56.15,47.95,97.25,0.00,5.13
0.119,20,53.86,49.06,97.16,0.00,5.13
0.125,21,51.60,50.14,97.08,0.00,5.13
0.131,22,49.40,51.18,97.00,0.00,5.13
0.137,23,47.24,52.19,96.93,0.00,5.13
0.143,24,45.13,53.16,96.87,0.00,5.13
0.149,25,43.07,54.09,96.81,0.00,5.13
0.155,26,41.08,54.99,96.75,0.00,5.13
0.161,27,39.14,55.84,96.70,0.00,5.13
0.167,28,37.27,56.66,96.66,0.00,5.13
0.173,29,35.46,57.43,96.62,0.00,5.13
0.179,30,33.71,58.16,96.58,0.00,5.13
0.185,31,32.03,58.85,96.54,0.00,5.13
0.191,32,30.41,59.50,96.51,0.00,5.13
0.197,33,28.86,60.10,96.49,0.00,5.13
0.203,34,27.37,60.67,96.46,0.00,5.14
0.210,35,25.94,61.20,96.44,0.00,5.14
0.216,36,24.58,61.69,96.42,0.00,5.14
0.222,37,23.28,62.14,96.41,0.00,5.14
0.228,38,22.04,62.55,96.40,0.00,5.14
0.234,39,20.85,62.92,96.39,0.00,5.14
0.240,40,19.73,63.27,96.38,0.00,5.14
0.246,41,18.66,63.57,96.38,0.00,5.14
0.252,42,17.64,63.85,96.37,0.00,5.14
0.258,43,16.67,64.09,96.37,0.00,5.14
0.264,44,15.76,64.31,96.37,0.00,5.14
0.270,45,14.89,64.49,96.38,0.00,5.14
0.276,46,14.07,64.65,96.38,0.00,5.14
0.282,47,13.29,64.78,96.39,0.00,5.14
0.288,48,12.55,64.89,96.40,0.00,5.14
0.294,49,11.85,64.97,96.41,0.00,5.14
0.300,50,11.19,65.03,96.42,0.00,5.14
0.306,51,10.57,65.07,96.43,0.00,5.14
0.313,52,9.98,65.09,96.44,0.00,5.14
0.319,53,9.43,65.09,96.46,0.00,5.14
0.325,54,8.90,65.07,96.47,0.00,5.14
0.331,55,8.41,65.03,96.49,0.00,5.14
0.337,56,7.94,64.98,96.51,0.00,5.14
0.343,57,7.50,64.91,96.52,0.00,5.14
0.349,58,7.09,64.83,96.54,0.00,5.14
0.355,59,6.70,64.74,96.56,0.00,5.14
0.361,60,6.33,64.63,96.58,0.00,5.14
0.367,61,5.98,64.51,96.60,0.00,5.14
0.373,62,5.65,64.38,96.62,0.00,5.14
0.379,63,5.34,64.24,96.64,0.00,5.14
0.385,64,5.05,64.09,96.67,0.00,5.14
0.391,65,4.78,63.94,96.69,0.00,5.14
0.397,66,4.52,63.77,96.71,0.00,5.14
0.403,67,4.27,63.59,96.73,0.00,5.14
0.410,68,4.04,63.41,96.76,0.00,5.14
0.416,69,3.83,63.22,96.78,0.00,5.14
0.422,70,3.62,63.03,96.80,0.00,5.14
0.428,71,3.43,62.83,96.83,0.00,5.14
0.434,72,3.25,62.62,96.85,0.00,5.15
0.440,73,3.08,62.41,96.88,0.00,5.15
0.446,74,2.92,62.19,96.90,0.00,5.15
0.452,75,2.76,61.97,96.92,0.00,5.15
0.458,76,2.62,61.75,96.95,0.00,5.15
0.464,77,2.48,61.52,96.97,0.00,5.15
0.470,78,2.35,61.29,97.00,0.00,5.15
0.476,79,2.23,61.05,97.02,0.00,5.15
0.482,80,2.12,60.82,97.05,0.00,5.15
0.488,81,2.01,60.58,97.07,0.00,5.15
0.494,82,1.90,60.20,96.65,0.46,5.15
0.500,83,1.80,59.81,96.23,0.46,5.15
0.506,84,1.70,59.43,95.83,0.45,5.15
0.513,85,1.61,59.05,95.44,0.45,5.15
0.519,86,1.52,58.68,95.05,0.44,5.15
0.525,87,1.44,58.30,94.68,0.44,5.16
0.531,88,1.36,57.92,94.31,0.44,5.16
0.537,89,1.29,57.55,93.96,0.43,5.16
0.543,90,1.23,57.17,93.61,0.43,5.16
0.549,91,1.16,56.80,93.27,0.42,5.16
0.555,92,1.10,56.43,92.95,0.42,5.16
0.561,93,1.05,56.06,92.62,0.41,5.16
0.567,94,1.00,55.70,92.31,0.41,5.16
0.573,95,0.95,55.33,92.01,0.41,5.16
0.579,96,0.90,54.97,91.71,0.40,5.16
0.585,97,0.85,54.61,91.42,0.40,5.16
0.591,98,0.81,54.26,91.13,0.39,5.16
0.597,99,0.77,53.90,90.86,0.39,5.16
0.603,100,0.74,53.55,90.59,0.39,5.16
0.610,101,0.70,53.20,90.33,0.38,5.16
0.616,102,0.67,52.85,90.07,0.38,5.16
0.622,103,0.64,52.51,89.82,0.37,5.16
0.628,104,0.61,52.16,89.58,0.37,5.16
0.634,105,0.58,51.82,89.34,0.37,5.16
0.640,106,0.55,51.48,89.11,0.36,5.16
0.646,107,0.53,51.15,88.89,0.36,5.16
0.652,108,0.51,50.81,88.67,0.36,5.16
0.658,109,0.48,50.48,88.46,0.35,5.16
0.664,110,0.46,50.16,88.25,0.35,5.16
0.670,111,0.44,49.83,88.05,0.35,5.16
0.676,112,0.42,49.51,87.85,0.34,5.16
0.682,113,0.40,49.19,87.66,0.34,5.16
0.688,114,0.39,48.87,87.47,0.34,5.16
0.694,115,0.37,48.55,87.29,0.33,5.17
0.701,116,0.36,48.24,87.12,0.33,5.17
0.707,117,0.34,47.93,86.94,0.33,5.17
0.713,118,0.33,47.62,86.78,0.32,5.17
0.719,119,0.31,47.31,86.62,0.32,5.17
0.725,120,0.30,47.01,86.46,0.32,5.17
0.731,121,0.29,46.71,86.30,0.31,5.17
0.737,122,0.28,46.41,86.15,0.31,5.17
0.743,123,0.27,46.11,86.01,0.31,5.17
0.749,124,0.26,45.82,85.87,0.30,5.17
0.755,125,0.25,45.53,85.73,0.30,5.17
0.761,126,0.24,45.24,85.60,0.30,5.17
0.767,127,0.23,44.95,85.47,0.29,5.17
0.773,128,0.22,44.66,85.35,0.29,5.17
0.779,129,0.21,44.38,85.22,0.29,5.18
0.785,130,0.20,44.10,85.11,0.29,5.18
0.791,131,0.20,43.82,84.99,0.28,5.18
0.797,132,0.19,43.55,84.88,0.28,5.18
0.804,133,0.18,43.27,84.77,0.28,5.18
0.810,134,0.17,43.00,84.67,0.27,5.18
0.816,135,0.17,42.73,84.57,0.27,5.18
0.822,136,0.16,42.46,84.47,0.27,5.18
0.828,137,0.16,42.20,84.38,0.27,5.18
0.834,138,0.15,41.93,84.29,0.26,5.18
0.840,139,0.15,41.67,84.20,0.26,5.18
0.846,140,0.14,41.41,84.12,0.26,5.18
0.852,141,0.14,41.16,84.04,0.26,5.18
0.858,142,0.13,40.90,83.96,0.25,5.18
0.864,143,0.13,40.65,83.88,0.25,5.18
0.870,144,0.12,40.40,83.81,0.25,5.18
0.876,145,0.12,40.15,83.74,0.25,5.18
0.882,146,0.12,39.90,83.67,0.24,5.18
0.888,147,0.11,39.66,83.61,0.24,5.18
0.894,148,0.11,39.41,83.54,0.24,5.18
0.900,149,0.10,39.17,83.48,0.24,5.19
0.906,150,0.10,38.93,83.43,0.23,5.19
0.913,151,0.10,38.69,83.37,0.23,5.19
0.919,152,0.09,38.46,83.32,0.23,5.19
0.925,153,0.09,38.22,83.27,0.23,5.19
0.931,154,0.09,37.99,83.22,0.22,5.19
0.937,155,0.09,37.76,83.18,0.22,5.19
0.943,156,0.08,37.53,83.13,0.22,5.19
0.949,157,0.08,37.31,83.09,0.22,5.19
0.955,158,0.08,37.08,83.06,0.22,5.19
0.961,159,0.08,36.86,83.02,0.21,5.19
0.967,160,0.07,36.64,82.98,0.21,5.20
0.973,161,0.07,36.42,82.95,0.21,5.20
0.979,162,0.07,36.20,82.92,0.21,5.20
0.985,163,0.07,35.98,82.89,0.20,5.20
0.991,164,0.07,35.77,82.87,0.20,5.20
0.997,165,0.06,35.55,82.84,0.20,5.20
1.003,166,0.06,35.34,82.82,0.20,5.20
1.010,167,0.06,35.13,82.80,0.20,5.20
1.016,168,0.06,34.92,82.78,0.19,5.20
1.022,169,0.06,34.71,82.76,0.19,5.20
1.028,170,0.06,34.51,82.75,0.19,5.20
1.034,171,0.05,34.30,82.73,0.19,5.20
1.040,172,0.05,34.10,82.72,0.19,5.20
1.046,173,0.05,33.90,82.71,0.19,5.20
1.052,174,0.05,33.70,82.70,0.18,5.20
1.058,175,0.05,33.50,82.70,0.18,5.20
1.064,176,0.05,33.31,82.69,0.18,5.20
1.070,177,0.05,33.11,82.69,0.18,5.20
1.076,178,0.05,32.92,82.68,0.18,5.20
1.082,179,0.04,32.72,82.68,0.17,5.20
1.088,180,0.04,32.53,82.68,0.17,5.20
1.094,181,0.04,32.34,82.69,0.17,5.20
1.100,182,0.04,32.15,82.69,0.17,5.20
1.106,183,0.04,31.97,82.69,0.17,5.20
1.113,184,0.04,31.78,82.70,0.17,5.20
1.119,185,0.04,31.60,82.71,0.16,5.20
1.125,186,0.04,31.41,82.71,0.16,5.21
1.131,187,0.04,31.23,82.72,0.16,5.21
1.137,188,0.04,31.05,82.74,0.16,5.21
1.143,189,0.04,30.87,82.75,0.16,5.21
1.149,190,0.03,30.70,82.76,0.16,5.21
1.155,191,0.03,30.52,82.78,0.15,5.21
1.161,192,0.03,30.34,82.79,0.15,5.21
1.167,193,0.03,30.17,82.81,0.15,5.21
1.173,194,0.03,30.00,82.83,0.15,5.21
1.179,195,0.03,29.82,82.85,0.15,5.21
1.185,196,0.03,29.65,82.87,0.15,5.21
1.191,197,0.03,29.48,82.89,0.15,5.21
1.198,198,0.03,29.32,82.91,0.14,5.21
1.204,199,0.03,29.15,82.93,0.14,5.21
1.210,200,0.03,28.98,82.96,0.14,5.21
1.216,201,0.03,28.82,82.98,0.14,5.21
1.222,202,0.03,28.65,83.01,0.14,5.22
1.228,203,0.03,28.49,83.04,0.14,5.22
1.234,204,0.03,28.33,83.07,0.14,5.22
1.240,205,0.03,28.17,83.09,0.13,5.22
1.246,206,0.02,28.01,83.12,0.13,5.22
1.252,207,0.02,27.85,83.16,0.13,5.22
1.258,208,0.02,27.70,83.19,0.13,5.22
1.264,209,0.02,27.54,83.22,0.13,5.22
1.270,210,0.02,27.38,83.25,0.13,5.22
1.276,211,0.02,27.23,83.29,0.13,5.22
1.282,212,0.02,27.08,83.32,0.13,5.22
1.288,213,0.02,26.93,83.36,0.12,5.22
1.294,214,0.02,26.78,83.39,0.12,5.22
1.300,215,0.02,26.63,83.43,0.12,5.22
1.306,216,0.02,26.48,83.47,0.12,5.22
1.313,217,0.02,26.33,83.51,0.12,5.22
1.319,218,0.02,26.18,83.55,0.12,5.22
1.325,219,0.02,26.04,83.59,0.12,5.22
1.331,220,0.02,25.89,83.63,0.12,5.22
1.337,221,0.02,25.75,83.67,0.11,5.22
1.343,222,0.02,25.60,83.71,0.11,5.22
1.349,223,0.02,25.46,83.75,0.11,5.23
1.355,224,0.02,25.32,83.80,0.11,5.23
1.361,225,0.02,25.18,83.84,0.11,5.23
1.367,226,0.02,25.04,83.88,0.11,5.23
1.373,227,0.02,24.90,83.93,0.11,5.23
1.379,228,0.02,24.76,83.98,0.11,5.23
1.385,229,0.02,24.63,84.02,0.11,5.23
1.391,230,0.02,24.49,84.07,0.10,5.23
1.397,231,0.02,24.36,84.11,0.10,5.23
1.403,232,0.02,24.22,84.16,0.10,5.23
1.409,233,0.02,24.09,84.21,0.10,5.23
1.416,234,0.02,23.96,84.26,0.10,5.23
1.422,235,0.01,23.83,84.31,0.10,5.23
1.428,236,0.01,23.70,84.36,0.10,5.23
1.434,237,0.01,23.57,84.41,0.10,5.23
1.440,238,0.01,23.44,84.46,0.10,5.23
1.446,239,0.01,23.31,84.51,0.10,5.23
1.452,240,0.01,23.18,84.56,0.09,5.23
1.458,241,0.01,23.05,84.61,0.09,5.23
1.464,242,0.01,22.93,84.66,0.09,5.23
1.470,243,0.01,22.80,84.71,0.09,5.24
1.476,244,0.01,22.68,84.77,0.09,5.24
1.482,245,0.01,22.56,84.82,0.09,5.24
1.488,246,0.01,22.43,84.87,0.09,5.24
1.494,247,0.01,22.31,84.93,0.09,5.24
1.500,248,0.01,22.19,84.98,0.09,5.24
1.506,249,0.01,22.07,85.04,0.09,5.24
1.513,250,0.01,21.95,85.09,0.09,5.24
1.519,251,0.01,21.83,85.14,0.08,5.24
1.525,252,0.01,21.71,85.20,0.08,5.24
1.531,253,0.01,21.60,85.26,0.08,5.24
1.537,254,0.01,21.48,85.31,0.08,5.24
1.543,255,0.01,21.36,85.37,0.08,5.24
1.549,256,0.01,21.25,85.42,0.08,5.24
1.555,257,0.01,21.13,85.48,0.08,5.25
1.561,258,0.01,21.02,85.54,0.08,5.25
1.567,259,0.01,20.91,85.59,0.08,5.25
1.573,260,0.01,20.79,85.65,0.08,5.25
1.579,261,0.01,20.68,85.71,0.08,5.25
1.585,262,0.01,20.57,85.77,0.08,5.25
1.591,263,0.01,20.46,85.82,0.07,5.25
1.597,264,0.01,20.35,85.88,0.07,5.25
1.603,265,0.01,20.24,85.94,0.07,5.25
1.609,266,0.01,20.13,86.00,0.07,5.25
1.616,267,0.01,20.03,86.06,0.07,5.25
1.622,268,0.01,19.92,86.11,0.07,5.25
1.628,269,0.01,19.81,86.17,0.07,5.25
1.634,270,0.01,19.71,86.23,0.07,5.25
1.640,271,0.01,19.60,86.29,0.07,5.25
1.646,272,0.01,19.50,86.35,0.07,5.25
1.652,273,0.01,19.39,86.41,0.07,5.25
1.658,274,0.01,19.29,86.47,0.07,5.25
1.664,275,0.01,19.19,86.53,0.07,5.25
1.670,276,0.01,19.08,86.59,0.07,5.26
1.676,277,0.01,18.98,86.65,0.07,5.26
1.682,278,0.01,18.88,86.71,0.06,5.26
1.688,279,0.01,18.78,86.77,0.06,5.26
1.694,280,0.01,18.68,86.83,0.06,5.26
1.700,281,0.01,18.58,86.89,0.06,5.26
1.706,282,0.01,18.48,86.95,0.06,5.26
1.713,283,0.01,18.39,87.01,0.06,5.26
1.719,284,0.01,18.29,87.07,0.06,5.26
1.725,285,0.01,18.16,86.85,0.38,5.26
1.731,286,0.01,18.04,86.63,0.38,5.27
1.737,287,0.01,17.91,86.42,0.38,5.27
1.743,288,0.01,17.79,86.22,0.37,5.27
1.749,289,0.01,17.67,86.02,0.37,5.27
1.755,290,0.01,17.55,85.83,0.36,5.27
1.761,291,0.01,17.43,85.64,0.36,5.27
1.767,292,0.01,17.31,85.46,0.36,5.27
1.773,293,0.01,17.19,85.28,0.35,5.27
1.779,294,0.01,17.08,85.10,0.35,5.27
1.785,295,0.01,16.96,84.94,0.35,5.27
1.791,296,0.01,16.85,84.77,0.34,5.27
1.797,297,0.01,16.74,84.61,0.34,5.27
1.803,298,0.01,16.62,84.46,0.34,5.27
1.810,299,0.01,16.51,84.31,0.33,5.27
1.816,300,0.01,16.40,84.16,0.33,5.27
1.822,301,0.01,16.29,84.02,0.33,5.27
1.828,302,0.01,16.19,83.89,0.32,5.27
1.834,303,0.01,16.08,83.75,0.32,5.27
1.840,304,0.01,15.97,83.62,0.32,5.27
1.846,305,0.01,15.87,83.50,0.31,5.27
1.852,306,0.01,15.77,83.38,0.31,5.27
1.858,307,0.01,15.66,83.26,0.31,5.27
1.864,308,0.01,15.56,83.15,0.30,5.27
1.870,309,0.01,15.46,83.04,0.30,5.27
1.876,310,0.01,15.36,82.93,0.30,5.27
1.882,311,0.01,15.26,82.83,0.30,5.27
1.888,312,0.01,15.16,82.73,0.29,5.27
1.894,313,0.01,15.06,82.63,0.29,5.27
1.900,314,0.01,14.97,82.54,0.29,5.28
1.906,315,0.01,14.87,82.45,0.28,5.28
1.913,316,0.01,14.78,82.36,0.28,5.28
1.919,317,0.01,14.68,82.28,0.28,5.28
1.925,318,0.01,14.59,82.20,0.28,5.28
1.931,319,0.01,14.49,82.12,0.27,5.28
1.937,320,0.01,14.40,82.04,0.27,5.28
1.943,321,0.01,14.31,81.97,0.27,5.28
1.949,322,0.01,14.22,81.90,0.26,5.28
1.955,323,0.01,14.13,81.84,0.26,5.28
1.961,324,0.01,14.04,81.77,0.26,5.28
1.967,325,0.01,13.95,81.71,0.26,5.28
1.973,326,0.01,13.87,81.66,0.25,5.28
1.979,327,0.01,13.78,81.60,0.25,5.28
1.985,328,0.01,13.69,81.55,0.25,5.29
1.991,329,0.01,13.61,81.50,0.25,5.29
1.997,330,0.01,13.52,81.45,0.24,5.29
2.003,331,0.01,13.44,81.40,0.24,5.29
2.010,332,0.01,13.36,81.36,0.24,5.29
2.016,333,0.01,13.27,81.32,0.24,5.29
2.022,334,0.01,13.19,81.28,0.23,5.29
2.028,335,0.01,13.11,81.24,0.23,5.29
2.034,336,0.01,13.03,81.21,0.23,5.29
2.040,337,0.01,12.95,81.18,0.23,5.29
2.046,338,0.01,12.87,81.15,0.22,5.29
2.052,339,0.01,12.79,81.12,0.22,5.29
2.058,340,0.01,12.71,81.09,0.22,5.29
2.064,341,0.01,12.64,81.07,0.22,5.29
2.070,342,0.01,12.56,81.05,0.22,5.29
2.076,343,0.01,12.48,81.03,0.21,5.29
2.082,344,0.01,12.41,81.01,0.21,5.29
2.088,345,0.01,12.33,81.00,0.21,5.29
2.094,346,0.01,12.26,80.98,0.21,5.29
2.100,347,0.01,12.19,80.97,0.21,5.29
2.106,348,0.01,12.11,80.96,0.20,5.29
2.113,349,0.01,12.04,80.95,0.20,5.30
2.119,350,0.01,11.97,80.94,0.20,5.30
2.125,351,0.00,11.90,80.94,0.20,5.30
2.131,352,0.00,11.82,80.93,0.20,5.30
2.137,353,0.00,11.75,80.93,0.19,5.30
2.143,354,0.00,11.68,80.93,0.19,5.30
2.149,355,0.00,11.61,80.93,0.19,5.30
2.155,356,0.00,11.55,80.93,0.19,5.30
2.161,357,0.00,11.48,80.94,0.19,5.30
2.167,358,0.00,11.41,80.94,0.18,5.30
2.173,359,0.00,11.34,80.95,0.18,5.30
2.179,360,0.00,11.27,80.96,0.18,5.30
2.185,361,0.00,11.21,80.97,0.18,5.30
2.191,362,0.00,11.14,80.98,0.18,5.30
2.197,363,0.00,11.08,80.99,0.17,5.30
2.203,364,0.00,11.01,81.00,0.17,5.30
2.210,365,0.00,10.95,81.02,0.17,5.30
2.216,366,0.00,10.88,81.03,0.17,5.30
2.222,367,0.00,10.82,81.05,0.17,5.30
2.228,368,0.00,10.76,81.07,0.17,5.30
2.234,369,0.00,10.69,81.09,0.16,5.30
2.240,370,0.00,10.63,81.11,0.16,5.31
2.246,371,0.00,10.57,81.13,0.16,5.31
2.252,372,0.00,10.51,81.16,0.16,5.31
2.258,373,0.00,10.45,81.18,0.16,5.31
2.264,374,0.00,10.39,81.21,0.16,5.31
2.270,375,0.00,10.33,81.23,0.16,5.31
2.276,376,0.00,10.27,81.26,0.15,5.31
2.282,377,0.00,10.21,81.29,0.15,5.31
2.288,378,0.00,10.15,81.32,0.15,5.31
2.294,379,0.00,10.09,81.35,0.15,5.31
2.300,380,0.00,10.03,81.38,0.15,5.31
2.307,381,0.00,9.98,81.42,0.15,5.31
2.313,382,0.00,9.92,81.45,0.14,5.31
2.319,383,0.00,9.86,81.48,0.14,5.31
2.325,384,0.00,9.81,81.52,0.14,5.31
2.331,385,0.00,9.75,81.56,0.14,5.32
2.337,386,0.00,9.70,81.59,0.14,5.32
2.343,387,0.00,9.64,81.63,0.14,5.32
2.349,388,0.00,9.59,81.67,0.14,5.32
2.355,389,0.00,9.53,81.71,0.13,5.32
2.361,390,0.00,9.48,81.75,0.13,5.32
2.367,391,0.00,9.42,81.79,0.13,5.32
2.373,392,0.00,9.37,81.83,0.13,5.32
2.379,393,0.00,9.32,81.88,0.13,5.32
2.385,394,0.00,9.27,81.92,0.13,5.32
2.391,395,0.00,9.21,81.96,0.13,5.32
2.397,396,0.00,9.16,82.01,0.13,5.32
2.403,397,0.00,9.11,82.05,0.12,5.32
2.409,398,0.00,9.06,82.10,0.12,5.32
2.416,399,0.00,9.01,82.15,0.12,5.32
2.422,400,0.00,8.96,82.19,0.12,5.32
2.428,401,0.00,8.91,82.24,0.12,5.32
2.434,402,0.00,8.86,82.29,0.12,5.32
2.440,403,0.00,8.81,82.34,0.12,5.32
2.446,404,0.00,8.76,82.39,0.12,5.32
2.452,405,0.00,8.71,82.44,0.11,5.32
2.458,406,0.00,8.66,82.49,0.11,5.32
2.464,407,0.00,8.61,82.54,0.11,5.32
2.470,408,0.00,8.57,82.60,0.11,5.32
2.476,409,0.00,8.52,82.65,0.11,5.32
2.482,410,0.00,8.47,82.70,0.11,5.32
2.488,411,0.00,8.42,82.76,0.11,5.33
2.494,412,0.00,8.38,82.81,0.11,5.33
2.500,413,0.00,8.33,82.86,0.11,5.33
2.507,414,0.00,8.28,82.92,0.10,5.33
2.513,415,0.00,8.24,82.98,0.10,5.33
2.519,416,0.00,8.19,83.03,0.10,5.33
2.525,417,0.00,8.15,83.09,0.10,5.33
2.531,418,0.00,8.10,83.14,0.10,5.33
2.537,419,0.00,8.06,83.20,0.10,5.33
2.543,420,0.00,8.02,83.26,0.10,5.33
2.549,421,0.00,7.97,83.32,0.10,5.33
2.555,422,0.00,7.93,83.38,0.10,5.33
2.561,423,0.00,7.88,83.43,0.10,5.34
2.567,424,0.00,7.84,83.49,0.09,5.34
2.573,425,0.00,7.80,83.55,0.09,5.34
2.579,426,0.00,7.76,83.61,0.09,5.34
2.585,427,0.00,7.71,83.67,0.09,5.34
2.591,428,0.00,7.67,83.73,0.09,5.34
2.597,429,0.00,7.63,83.79,0.09,5.34
2.603,430,0.00,7.59,83.86,0.09,5.34
2.610,431,0.00,7.55,83.92,0.09,5.34
2.616,432,0.00,7.51,83.98,0.09,5.34
2.622,433,0.00,7.46,84.04,0.09,5.34
2.628,434,0.00,7.42,84.10,0.09,5.34
2.634,435,0.00,7.38,84.16,0.08,5.34
2.640,436,0.00,7.34,84.23,0.08,5.35
2.646,437,0.00,7.30,84.10,0.30,5.35
2.652,438,0.00,7.25,83.98,0.30,5.35
2.658,439,0.00,7.20,83.87,0.30,5.35
2.664,440,0.00,7.15,83.75,0.30,5.35
2.670,441,0.00,7.11,83.64,0.29,5.35
2.676,442,0.00,7.06,83.54,0.29,5.35
2.682,443,0.00,7.02,83.44,0.29,5.35
2.688,444,0.00,6.97,83.34,0.28,5.35
2.694,445,0.00,6.93,83.24,0.28,5.35
2.700,446,0.00,6.88,83.15,0.28,5.35
2.707,447,0.00,6.84,83.06,0.28,5.35
2.713,448,0.00,6.80,82.97,0.27,5.35
2.719,449,0.00,6.75,82.89,0.27,5.35
2.725,450,0.00,6.71,82.81,0.27,5.35
2.731,451,0.00,6.67,82.73,0.26,5.35
2.737,452,0.00,6.63,82.66,0.26,5.35
2.743,453,0.00,6.58,82.59,0.26,5.35
2.749,454,0.00,6.54,82.52,0.26,5.36
2.755,455,0.00,6.50,82.45,0.25,5.36
2.761,456,0.00,6.46,82.39,0.25,5.36
2.767,457,0.00,6.42,82.33,0.25,5.36
2.773,458,0.00,6.38,82.27,0.25,5.36
2.779,459,0.00,6.34,82.22,0.24,5.36
2.785,460,0.00,6.30,82.17,0.24,5.36
2.791,461,0.00,6.25,81.88,0.53,5.36
2.797,462,0.00,6.21,81.60,0.52,5.36
2.803,463,0.00,6.16,81.32,0.52,5.36
2.810,464,0.00,6.11,81.06,0.51,5.36
2.816,465,0.00,6.07,80.80,0.51,5.36
2.822,466,0.00,6.02,80.55,0.50,5.36
2.828,467,0.00,5.98,80.30,0.50,5.36
2.834,468,0.00,5.93,80.06,0.49,5.36
2.840,469,0.00,5.89,79.83,0.49,5.36
2.846,470,0.00,5.84,79.60,0.48,5.36
2.852,471,0.00,5.80,79.39,0.48,5.36
2.858,472,0.00,5.76,79.17,0.47,5.36
2.864,473,0.00,5.71,78.97,0.47,5.36
2.870,474,0.00,5.67,78.76,0.46,5.36
2.876,475,0.00,5.63,78.57,0.46,5.37
2.882,476,0.00,5.59,78.38,0.46,5.37
2.888,477,0.00,5.55,78.20,0.45,5.37
2.894,478,0.00,5.51,78.02,0.45,5.37
2.900,479,0.00,5.47,77.84,0.44,5.37
2.906,480,0.00,5.43,77.68,0.44,5.37
2.913,481,0.00,5.39,77.51,0.43,5.37
2.919,482,0.00,5.35,77.35,0.43,5.37
2.925,483,0.00,5.31,77.20,0.42,5.37
2.931,484,0.00,5.28,77.05,0.42,5.37
2.937,485,0.00,5.24,76.91,0.42,5.37
2.943,486,0.00,5.20,76.77,0.41,5.37
2.949,487,0.00,5.17,76.63,0.41,5.37
2.955,488,0.00,5.13,76.50,0.40,5.37
2.961,489,0.00,5.09,76.38,0.40,5.37
2.967,490,0.00,5.06,76.26,0.40,5.37
2.973,491,0.00,5.02,76.14,0.39,5.37
2.979,492,0.00,4.99,76.02,0.39,5.37
2.985,493,0.00,4.95,75.91,0.38,5.37
2.991,494,0.00,4.92,75.81,0.38,5.37
2.997,495,0.00,4.89,75.71,0.38,5.37
3.003,496,0.00,4.85,75.61,0.37,5.38
3.010,497,0.00,4.82,75.51,0.37,5.38
3.016,498,0.00,4.79,75.42,0.37,5.38
3.022,499,0.00,4.75,75.33,0.36,5.38
3.028,500,0.00,4.72,75.25,0.36,5.38
3.034,501,0.00,4.69,75.17,0.35,5.38
3.040,502,0.00,4.66,75.09,0.35,5.38
3.046,503,0.00,4.63,75.02,0.35,5.38
3.052,504,0.00,4.60,74.95,0.34,5.38
3.058,505,0.00,4.56,74.88,0.34,5.38
3.064,506,0.00,4.53,74.82,0.34,5.38
3.070,507,0.00,4.50,74.76,0.33,5.38
3.076,508,0.00,4.47,74.70,0.33,5.38
3.082,509,0.00,4.44,74.64,0.33,5.38
3.088,510,0.00,4.41,74.59,0.32,5.38
3.094,511,0.00,4.39,74.54,0.32,5.38
3.100,512,0.00,4.36,74.49,0.32,5.38
3.106,513,0.00,4.33,74.45,0.31,5.39
3.113,514,0.00,4.30,74.41,0.31,5.39
3.119,515,0.00,4.27,74.37,0.31,5.39
3.125,516,0.00,4.24,74.33,0.30,5.39
3.131,517,0.00,4.22,74.30,0.30,5.39
3.137,518,0.00,4.19,74.27,0.30,5.39
3.143,519,0.00,4.16,74.24,0.30,5.39
3.149,520,0.00,4.13,74.21,0.29,5.39
3.155,521,0.00,4.11,74.19,0.29,5.39
3.161,522,0.01,4.08,74.17,0.29,5.39
3.167,523,0.01,4.06,74.15,0.28,5.39
3.173,524,0.01,4.03,74.13,0.28,5.39
3.179,525,0.01,4.00,74.12,0.28,5.39
3.185,526,0.01,3.98,74.11,0.28,5.39
3.191,527,0.01,3.95,74.10,0.27,5.39
3.197,528,0.01,3.93,74.09,0.27,5.39
3.203,529,0.01,3.90,74.08,0.27,5.39
3.210,530,0.01,3.88,74.08,0.26,5.39
3.216,531,0.01,3.85,74.07,0.26,5.39
3.222,532,0.01,3.83,74.07,0.26,5.39
3.228,533,0.01,3.81,74.08,0.26,5.39
3.234,534,0.01,3.78,74.08,0.25,5.39
3.240,535,0.01,3.76,74.09,0.25,5.39
3.246,536,0.01,3.73,74.09,0.25,5.39
3.252,537,0.01,3.71,74.10,0.25,5.39
3.258,538,0.01,3.69,74.11,0.24,5.40
3.264,539,0.01,3.67,74.12,0.24,5.40
3.270,540,0.01,3.64,74.14,0.24,5.40
3.276,541,0.01,3.62,74.15,0.24,5.40
3.282,542,0.01,3.60,74.17,0.23,5.40
3.288,543,0.01,3.58,74.19,0.23,5.40
3.294,544,0.01,3.55,74.21,0.23,5.40
3.300,545,0.01,3.53,74.23,0.23,5.40
3.306,546,0.01,3.51,74.26,0.23,5.40
3.313,547,0.01,3.49,74.28,0.22,5.40
3.319,548,0.01,3.47,74.31,0.22,5.40
3.325,549,0.01,3.45,74.34,0.22,5.40
3.331,550,0.01,3.43,74.37,0.22,5.40
3.337,551,0.01,3.40,74.40,0.21,5.41
3.343,552,0.01,3.38,74.43,0.21,5.41
3.349,553,0.01,3.36,74.47,0.21,5.41
3.355,554,0.01,3.34,74.50,0.21,5.41
3.361,555,0.01,3.32,74.54,0.21,5.41
3.367,556,0.01,3.30,74.58,0.20,5.41
3.373,557,0.01,3.28,74.61,0.20,5.41
3.379,558,0.01,3.26,74.66,0.20,5.41
3.385,559,0.01,3.24,74.70,0.20,5.41
3.391,560,0.01,3.22,74.74,0.20,5.41
3.397,561,0.01,3.21,74.78,0.19,5.41
3.403,562,0.01,3.19,74.83,0.19,5.41
3.410,563,0.01,3.17,74.87,0.19,5.41
3.416,564,0.01,3.15,74.92,0.19,5.41
3.422,565,0.01,3.13,74.97,0.19,5.41
3.428,566,0.01,3.11,75.02,0.18,5.41
3.434,567,0.01,3.09,75.07,0.18,5.41
3.440,568,0.01,3.07,75.12,0.18,5.41
3.446,569,0.01,3.06,75.17,0.18,5.41
3.452,570,0.01,3.04,75.23,0.18,5.41
3.458,571,0.01,3.02,75.28,0.18,5.41
3.464,572,0.01,3.00,75.34,0.17,5.41
3.470,573,0.01,2.99,75.39,0.17,5.41
3.476,574,0.01,2.97,75.45,0.17,5.41
3.482,575,0.01,2.95,75.51,0.17,5.41
3.488,576,0.01,2.93,75.57,0.17,5.41
3.494,577,0.01,2.92,75.63,0.17,5.42
3.500,578,0.01,2.90,75.69,0.16,5.42
3.506,579,0.01,2.88,75.75,0.16,5.42
3.513,580,0.01,2.87,75.81,0.16,5.42
3.519,581,0.01,2.85,75.87,0.16,5.42
3.525,582,0.01,2.83,75.94,0.16,5.42
3.531,583,0.01,2.82,76.00,0.16,5.42
3.537,584,0.01,2.80,76.07,0.15,5.42
3.543,585,0.01,2.78,76.13,0.15,5.42
3.549,586,0.01,2.77,76.20,0.15,5.42
3.555,587,0.01,2.75,75.93,0.59,5.42
3.561,588,0.01,2.72,75.67,0.59,5.42
3.567,589,0.01,2.70,75.41,0.58,5.42
3.573,590,0.01,2.68,75.16,0.58,5.43
3.579,591,0.01,2.66,74.92,0.57,5.43
3.585,592,0.01,2.64,74.69,0.56,5.43
3.591,593,0.01,2.62,74.46,0.56,5.43
3.597,594,0.01,2.60,74.24,0.55,5.43
3.603,595,0.01,2.58,74.02,0.55,5.43
3.610,596,0.01,2.56,73.81,0.54,5.43
3.616,597,0.01,2.54,73.61,0.54,5.43
3.622,598,0.01,2.52,73.41,0.53,5.43
3.628,599,0.01,2.50,73.22,0.53,5.43
3.634,600,0.01,2.48,73.04,0.52,5.43
3.640,601,0.01,2.46,72.86,0.52,5.43
3.646,602,0.01,2.44,72.68,0.51,5.43
3.652,603,0.01,2.43,72.51,0.51,5.44
3.658,604,0.01,2.41,72.35,0.50,5.44
3.664,605,0.01,2.39,72.19,0.50,5.44
3.670,606,0.01,2.37,72.04,0.49,5.44
3.676,607,0.01,2.35,71.89,0.49,5.44
3.682,608,0.01,2.34,71.75,0.48,5.44
3.688,609,0.01,2.32,71.61,0.48,5.44
3.694,610,0.01,2.30,71.47,0.47,5.44
3.700,611,0.01,2.29,71.34,0.47,5.44
3.707,612,0.01,2.27,71.22,0.46,5.44
3.713,613,0.01,2.25,71.10,0.46,5.44
3.719,614,0.01,2.24,70.98,0.45,5.44
3.725,615,0.01,2.22,70.87,0.45,5.44
3.731,616,0.01,2.20,70.76,0.44,5.44
3.737,617,0.01,2.19,70.66,0.44,5.44
3.743,618,0.01,2.17,70.56,0.43,5.44
3.749,619,0.01,2.16,70.46,0.43,5.44
3.755,620,0.01,2.14,70.37,0.43,5.44
3.761,621,0.01,2.13,70.28,0.42,5.44
3.767,622,0.01,2.11,70.20,0.42,5.45
3.773,623,0.01,2.10,70.12,0.41,5.45
3.779,624,0.01,2.08,70.04,0.41,5.45
3.785,625,0.01,2.07,69.97,0.41,5.45
3.791,626,0.01,2.05,69.90,0.40,5.45
3.797,627,0.01,2.04,69.83,0.40,5.45
3.803,628,0.01,2.02,69.77,0.39,5.45
3.810,629,0.01,2.01,69.71,0.39,5.45
3.816,630,0.01,2.00,69.65,0.39,5.45
3.822,631,0.01,1.98,69.59,0.38,5.45
3.828,632,0.01,1.97,69.54,0.38,5.45
3.834,633,0.01,1.95,69.49,0.37,5.45
3.840,634,0.01,1.94,69.45,0.37,5.45
3.846,635,0.01,1.93,69.41,0.37,5.45
3.852,636,0.01,1.92,69.37,0.36,5.45
3.858,637,0.01,1.90,69.33,0.36,5.45
3.864,638,0.01,1.89,69.30,0.36,5.45
3.870,639,0.01,1.88,69.27,0.35,5.45
3.876,640,0.01,1.86,69.24,0.35,5.45
3.882,641,0.01,1.85,69.21,0.34,5.45
3.888,642,0.01,1.84,69.19,0.34,5.45
3.894,643,0.01,1.83,69.17,0.34,5.46
3.900,644,0.01,1.81,69.15,0.33,5.46
3.906,645,0.01,1.80,69.13,0.33,5.46
3.913,646,0.01,1.79,69.12,0.33,5.46
3.919,647,0.01,1.78,69.11,0.32,5.46
3.925,648,0.01,1.77,69.10,0.32,5.46
3.931,649,0.01,1.76,69.09,0.32,5.46
3.937,650,0.01,1.74,69.09,0.32,5.46
3.943,651,0.01,1.73,69.09,0.31,5.46
3.949,652,0.01,1.72,69.09,0.31,5.46
3.955,653,0.01,1.71,69.09,0.31,5.46
3.961,654,0.01,1.70,69.10,0.30,5.46
3.967,655,0.01,1.69,69.10,0.30,5.46
3.973,656,0.01,1.68,69.11,0.30,5.46
3.979,657,0.01,1.67,69.12,0.29,5.46
3.985,658,0.01,1.65,69.13,0.29,5.46
3.991,659,0.01,1.64,69.15,0.29,5.46
3.997,660,0.01,1.63,69.16,0.28,5.46
4.003,661,0.01,1.62,69.18,0.28,5.46
4.010,662,0.01,1.61,69.20,0.28,5.46
4.016,663,0.01,1.60,69.22,0.28,5.46
4.022,664,0.01,1.59,69.25,0.27,5.46
4.028,665,0.01,1.58,69.27,0.27,5.46
4.034,666,0.01,1.57,69.30,0.27,5.46
4.040,667,0.01,1.56,69.33,0.27,5.47
4.046,668,0.01,1.55,69.36,0.26,5.47
4.052,669,0.01,1.54,69.39,0.26,5.47
4.058,670,0.01,1.53,69.42,0.26,5.47
4.064,671,0.01,1.52,69.46,0.26,5.47
4.070,672,0.01,1.51,69.50,0.25,5.47
4.076,673,0.01,1.50,69.53,0.25,5.47
4.082,674,0.01,1.50,69.57,0.25,5.47
4.088,675,0.01,1.49,69.62,0.25,5.47
4.094,676,0.01,1.48,69.66,0.24,5.47
4.100,677,0.01,1.47,69.70,0.24,5.47
4.106,678,0.01,1.46,69.75,0.24,5.47
4.113,679,0.01,1.45,69.79,0.24,5.47
4.119,680,0.01,1.44,69.84,0.23,5.47
4.125,681,0.01,1.43,69.89,0.23,5.48
4.131,682,0.01,1.42,69.94,0.23,5.48
4.137,683,0.01,1.41,69.99,0.23,5.48
4.143,684,0.01,1.41,70.05,0.22,5.48
4.149,685,0.01,1.40,70.10,0.22,5.48
4.155,686,0.01,1.39,70.16,0.22,5.48
4.161,687,0.01,1.38,70.21,0.22,5.48
4.167,688,0.01,1.37,70.27,0.22,5.48
4.173,689,0.01,1.36,70.33,0.21,5.48
4.179,690,0.01,1.35,70.39,0.21,5.48
4.185,691,0.01,1.35,70.45,0.21,5.48
4.191,692,0.01,1.34,70.52,0.21,5.48
4.197,693,0.01,1.33,70.58,0.20,5.48
4.203,694,0.01,1.32,70.65,0.20,5.48
4.210,695,0.01,1.31,70.71,0.20,5.48
4.216,696,0.01,1.31,70.78,0.20,5.48
4.222,697,0.01,1.30,70.85,0.20,5.48
4.228,698,0.01,1.29,70.91,0.19,5.48
4.234,699,0.01,1.28,70.98,0.19,5.48
4.240,700,0.01,1.28,71.05,0.19,5.48
4.246,701,0.01,1.27,71.13,0.19,5.48
4.252,702,0.01,1.26,71.20,0.19,5.48
4.258,703,0.01,1.25,71.27,0.18,5.48
4.264,704,0.01,1.25,71.35,0.18,5.48
4.270,705,0.01,1.24,71.42,0.18,5.49
4.276,706,0.01,1.23,71.50,0.18,5.49
4.282,707,0.01,1.22,71.57,0.18,5.49
4.288,708,0.01,1.22,71.65,0.18,5.49
4.295,709,0.01,1.21,71.73,0.17,5.49
4.300,710,0.01,1.20,71.81,0.17,5.49
4.307,711,0.01,1.20,71.89,0.17,5.49
4.313,712,0.01,1.19,71.97,0.17,5.49
4.319,713,0.01,1.18,72.05,0.17,5.49
4.325,714,0.01,1.17,72.13,0.17,5.49
4.331,715,0.01,1.17,72.22,0.16,5.49
4.337,716,0.01,1.16,72.30,0.16,5.49
4.343,717,0.01,1.15,72.38,0.16,5.49
4.349,718,0.01,1.15,72.47,0.16,5.50
4.355,719,0.01,1.14,72.55,0.16,5.50
4.361,720,0.01,1.13,72.64,0.16,5.50
4.367,721,0.01,1.13,72.73,0.15,5.50
4.373,722,0.01,1.12,72.81,0.15,5.50
4.379,723,0.01,1.12,72.90,0.15,5.50
4.385,724,0.01,1.11,72.99,0.15,5.50
4.391,725,0.01,1.10,73.08,0.15,5.50
4.397,726,0.01,1.10,73.17,0.15,5.50
4.403,727,0.01,1.09,73.26,0.15,5.50
4.410,728,0.01,1.08,73.35,0.14,5.50
4.416,729,0.01,1.08,73.44,0.14,5.50
4.422,730,0.01,1.07,73.53,0.14,5.50
4.428,731,0.01,1.07,73.62,0.14,5.50
4.434,732,0.01,1.06,73.71,0.14,5.50
4.440,733,0.01,1.05,73.81,0.14,5.50
4.446,734,0.01,1.05,73.90,0.14,5.50
4.452,735,0.01,1.04,73.99,0.13,5.50
4.458,736,0.01,1.04,74.09,0.13,5.50
4.464,737,0.01,1.03,74.18,0.13,5.50
4.470,738,0.01,1.02,74.26,0.15,5.50
4.476,739,0.01,1.02,74.34,0.15,5.50
4.482,740,0.02,1.01,74.42,0.15,5.50
4.488,741,0.02,1.01,74.50,0.15,5.50
4.494,742,0.02,1.00,74.59,0.15,5.50
4.500,743,0.02,0.99,74.67,0.14,5.51
4.506,744,0.02,0.99,74.75,0.14,5.51
4.513,745,0.02,0.98,74.83,0.14,5.51
4.519,746,0.02,0.98,74.92,0.14,5.51
4.525,747,0.02,0.97,75.00,0.14,5.51
4.531,748,0.02,0.97,75.09,0.14,5.51
4.537,749,0.02,0.96,75.17,0.14,5.51
4.543,750,0.02,0.96,75.26,0.13,5.51
4.549,751,0.02,0.95,75.34,0.13,5.51
4.555,752,0.02,0.94,75.43,0.13,5.51
4.561,753,0.02,0.94,75.52,0.13,5.51
4.567,754,0.02,0.93,75.61,0.13,5.51
4.573,755,0.02,0.93,75.69,0.13,5.51
4.579,756,0.02,0.92,75.78,0.13,5.52
4.585,757,0.02,0.92,75.87,0.13,5.52
4.591,758,0.02,0.91,75.96,0.12,5.52
4.597,759,0.02,0.91,76.05,0.12,5.52
4.603,760,0.02,0.90,76.14,0.12,5.52
4.610,761,0.02,0.90,76.23,0.12,5.52
4.616,762,0.02,0.89,76.32,0.12,5.52
4.622,763,0.02,0.89,76.41,0.12,5.52
4.628,764,0.02,0.88,76.50,0.12,5.52
4.634,765,0.02,0.88,76.59,0.12,5.52
4.640,766,0.02,0.87,76.68,0.11,5.52
4.646,767,0.02,0.87,76.78,0.11,5.52
4.652,768,0.02,0.86,76.87,0.11,5.52
4.658,769,0.02,0.86,76.96,0.11,5.53
4.664,770,0.02,0.85,77.05,0.11,5.53
4.670,771,0.02,0.85,77.15,0.11,5.53
4.676,772,0.02,0.84,77.24,0.11,5.53
4.682,773,0.02,0.84,77.33,0.11,5.53
4.688,774,0.02,0.84,77.43,0.11,5.53
4.694,775,0.02,0.83,77.52,0.10,5.53
4.701,776,0.02,0.83,77.62,0.10,5.53
4.706,777,0.02,0.82,77.71,0.10,5.53
4.713,778,0.02,0.82,77.81,0.10,5.53
4.719,779,0.02,0.81,77.90,0.10,5.53
4.725,780,0.02,0.81,77.99,0.10,5.53
4.731,781,0.02,0.80,78.09,0.10,5.53
4.737,782,0.02,0.80,78.18,0.10,5.53
4.743,783,0.02,0.80,78.28,0.10,5.53
4.749,784,0.02,0.79,78.38,0.10,5.53
4.755,785,0.02,0.79,78.47,0.09,5.53
4.761,786,0.02,0.78,78.57,0.09,5.53
4.767,787,0.02,0.78,78.66,0.09,5.53
4.773,788,0.02,0.77,78.76,0.09,5.53
4.779,789,0.02,0.77,78.85,0.09,5.53
4.785,790,0.02,0.77,78.95,0.09,5.54
4.791,791,0.02,0.76,79.05,0.09,5.54
4.797,792,0.02,0.76,79.14,0.09,5.54
4.803,793,0.02,0.75,79.24,0.09,5.54
4.809,794,0.02,0.75,79.33,0.09,5.54
4.816,795,0.02,0.74,79.43,0.09,5.54
4.822,796,0.02,0.74,79.53,0.08,5.54
4.828,797,0.02,0.74,79.62,0.08,5.54
4.834,798,0.02,0.73,79.72,0.08,5.54
4.840,799,0.02,0.73,79.82,0.08,5.54
4.846,800,0.02,0.72,79.91,0.08,5.54
4.852,801,0.02,0.72,80.01,0.08,5.54
4.858,802,0.02,0.72,80.10,0.08,5.54
4.864,803,0.02,0.71,80.20,0.08,5.54
4.870,804,0.03,0.71,80.30,0.08,5.54
4.876,805,0.03,0.71,80.39,0.08,5.54
4.882,806,0.03,0.70,80.49,0.08,5.54
4.888,807,0.03,0.70,80.58,0.08,5.54
4.894,808,0.03,0.69,80.68,0.07,5.54
4.900,809,0.03,0.69,80.78,0.07,5.54
4.906,810,0.03,0.69,80.87,0.07,5.54
4.913,811,0.03,0.68,80.97,0.07,5.55
4.919,812,0.03,0.68,81.06,0.07,5.55
4.925,813,0.03,0.67,80.60,0.77,5.55
4.931,814,0.03,0.67,80.14,0.76,5.55
4.937,815,0.03,0.66,79.70,0.75,5.55
4.943,816,0.03,0.66,79.27,0.74,5.55
4.949,817,0.03,0.65,78.85,0.74,5.55
4.955,818,0.03,0.64,78.44,0.73,5.55
4.961,819,0.03,0.64,78.04,0.72,5.55
4.967,820,0.03,0.63,77.66,0.71,5.55
4.973,821,0.03,0.63,77.28,0.71,5.55
4.979,822,0.03,0.62,76.92,0.70,5.55
4.985,823,0.03,0.62,76.56,0.69,5.55
4.991,824,0.03,0.61,76.21,0.69,5.55
4.997,825,0.03,0.61,75.88,0.68,5.55
5.003,826,0.03,0.60,75.55,0.67,5.55
5.010,827,0.03,0.60,75.23,0.67,5.55
5.016,828,0.03,0.59,74.92,0.66,5.55
5.022,829,0.03,0.59,74.62,0.65,5.55
5.028,830,0.03,0.58,74.33,0.65,5.55
5.034,831,0.03,0.58,74.04,0.64,5.55
5.040,832,0.03,0.57,73.77,0.63,5.55
5.046,833,0.03,0.57,73.50,0.63,5.56
5.052,834,0.03,0.56,73.24,0.62,5.56
5.058,835,0.03,0.56,72.98,0.61,5.56
5.064,836,0.03,0.55,72.73,0.61,5.56
5.070,837,0.03,0.55,72.49,0.60,5.56
5.076,838,0.03,0.55,72.26,0.60,5.56
5.082,839,0.03,0.54,72.04,0.59,5.56
5.088,840,0.03,0.54,71.82,0.58,5.56
5.094,841,0.03,0.53,71.60,0.58,5.56
5.100,842,0.03,0.53,71.40,0.57,5.56
5.107,843,0.03,0.52,71.20,0.57,5.56
5.113,844,0.03,0.52,71.00,0.56,5.56
5.119,845,0.03,0.52,70.81,0.56,5.56
5.125,846,0.03,0.51,70.63,0.55,5.56
5.131,847,0.03,0.51,70.45,0.54,5.56
5.137,848,0.03,0.50,70.28,0.54,5.56
5.143,849,0.03,0.50,70.11,0.53,5.56
5.149,850,0.03,0.50,69.95,0.53,5.56
5.155,851,0.03,0.49,69.80,0.52,5.57
5.161,852,0.03,0.49,69.65,0.52,5.57
5.167,853,0.03,0.49,69.50,0.51,5.57
5.173,854,0.03,0.48,69.36,0.51,5.57
5.179,855,0.03,0.48,69.22,0.50,5.57
5.185,856,0.03,0.48,69.09,0.50,5.57
5.191,857,0.03,0.47,68.96,0.49,5.57
5.197,858,0.03,0.47,68.84,0.49,5.57
5.203,859,0.03,0.46,68.72,0.48,5.57
5.209,860,0.03,0.46,68.61,0.48,5.57
5.216,861,0.03,0.46,68.50,0.47,5.57
5.222,862,0.03,0.45,68.40,0.47,5.57
5.228,863,0.03,0.45,68.30,0.46,5.57
5.234,864,0.03,0.45,68.20,0.46,5.57
5.240,865,0.03,0.44,68.11,0.45,5.57
5.246,866,0.03,0.44,68.02,0.45,5.57
5.252,867,0.03,0.44,67.93,0.45,5.57
5.258,868,0.03,0.43,67.85,0.44,5.57
5.264,869,0.03,0.43,67.77,0.44,5.57
5.270,870,0.03,0.43,67.70,0.43,5.57
5.276,871,0.03,0.43,67.62,0.43,5.58
5.282,872,0.03,0.42,67.56,0.42,5.58
5.288,873,0.03,0.42,67.49,0.42,5.58
5.294,874,0.03,0.42,67.43,0.42,5.58
5.300,875,0.03,0.41,67.37,0.41,5.58
5.306,876,0.03,0.41,67.32,0.41,5.58
5.313,877,0.03,0.41,67.27,0.40,5.58
5.319,878,0.03,0.41,67.22,0.40,5.58
5.325,879,0.03,0.40,67.18,0.39,5.58
5.331,880,0.03,0.40,67.13,0.39,5.58
5.337,881,0.04,0.40,67.09,0.39,5.58
5.343,882,0.04,0.39,67.06,0.38,5.58
5.349,883,0.04,0.39,67.02,0.38,5.58
5.355,884,0.04,0.39,66.99,0.38,5.59
5.361,885,0.04,0.39,66.97,0.37,5.59
5.367,886,0.04,0.38,66.94,0.37,5.59
5.373,887,0.04,0.38,66.92,0.36,5.59
5.379,888,0.04,0.38,66.90,0.36,5.59
5.385,889,0.04,0.38,66.88,0.36,5.59
5.391,890,0.04,0.37,66.86,0.35,5.59
5.397,891,0.04,0.37,66.85,0.35,5.59
5.403,892,0.04,0.37,66.84,0.35,5.59
5.410,893,0.04,0.37,66.83,0.34,5.59
5.416,894,0.04,0.36,66.83,0.34,5.59
5.422,895,0.04,0.36,66.83,0.34,5.59
5.428,896,0.04,0.36,66.82,0.33,5.59
5.434,897,0.04,0.36,66.83,0.33,5.59
5.440,898,0.04,0.35,66.83,0.33,5.59
5.446,899,0.04,0.35,66.84,0.32,5.59
5.452,900,0.04,0.35,66.84,0.32,5.59
5.458,901,0.04,0.35,66.85,0.32,5.59
5.464,902,0.04,0.34,66.87,0.31,5.59
5.470,903,0.04,0.34,66.88,0.31,5.59
5.476,904,0.04,0.34,66.90,0.31,5.59
5.482,905,0.04,0.34,66.91,0.30,5.59
5.488,906,0.04,0.34,66.93,0.30,5.59
5.494,907,0.04,0.33,66.96,0.30,5.59
5.500,908,0.04,0.33,66.98,0.30,5.59
5.507,909,0.04,0.33,67.00,0.29,5.59
5.513,910,0.04,0.33,67.03,0.29,5.60
5.519,911,0.04,0.32,66.97,0.42,5.60
5.525,912,0.04,0.32,66.91,0.42,5.60
5.531,913,0.04,0.32,66.86,0.41,5.60
5.537,914,0.04,0.32,66.80,0.41,5.60
5.543,915,0.04,0.32,66.76,0.41,5.60
5.549,916,0.04,0.31,66.71,0.40,5.60
5.555,917,0.04,0.31,66.67,0.40,5.60
5.561,918,0.04,0.31,66.63,0.39,5.60
5.567,919,0.04,0.31,66.59,0.39,5.60
5.573,920,0.04,0.30,66.56,0.39,5.60
5.579,921,0.04,0.30,66.52,0.38,5.60
5.585,922,0.05,0.30,66.50,0.38,5.60
5.591,923,0.05,0.30,66.47,0.37,5.61
5.597,924,0.05,0.30,66.45,0.37,5.61
5.603,925,0.05,0.29,66.43,0.37,5.61
5.609,926,0.05,0.29,66.41,0.36,5.61
5.616,927,0.05,0.29,66.39,0.36,5.61
5.622,928,0.05,0.29,66.38,0.36,5.61
5.628,929,0.05,0.29,66.37,0.35,5.61
5.634,930,0.05,0.28,66.36,0.35,5.61
5.640,931,0.05,0.28,66.36,0.34,5.61
5.646,932,0.05,0.28,66.35,0.34,5.61
5.652,933,0.05,0.28,66.35,0.34,5.61
5.658,934,0.05,0.28,66.35,0.33,5.61
5.664,935,0.05,0.28,66.36,0.33,5.61
5.670,936,0.05,0.27,66.36,0.33,5.61
5.676,937,0.05,0.27,66.37,0.32,5.62
5.682,938,0.05,0.27,66.38,0.32,5.62
5.688,939,0.05,0.27,66.39,0.32,5.62
5.694,940,0.05,0.27,66.40,0.32,5.62
5.700,941,0.05,0.26,66.42,0.31,5.62
5.706,942,0.05,0.26,66.44,0.31,5.62
5.713,943,0.05,0.26,66.46,0.31,5.62
5.719,944,0.05,0.26,66.48,0.30,5.62
5.725,945,0.05,0.26,66.50,0.30,5.62
5.731,946,0.05,0.26,66.53,0.30,5.62
5.737,947,0.05,0.25,66.56,0.29,5.62
5.743,948,0.05,0.25,66.58,0.29,5.62
5.749,949,0.05,0.25,66.62,0.29,5.62
5.755,950,0.05,0.25,66.65,0.28,5.62
5.761,951,0.05,0.25,66.68,0.28,5.62
5.767,952,0.05,0.25,66.72,0.28,5.62
5.773,953,0.06,0.24,66.76,0.28,5.62
5.779,954,0.06,0.24,66.79,0.27,5.62
5.785,955,0.06,0.24,66.84,0.27,5.62
5.791,956,0.06,0.24,66.88,0.27,5.62
5.797,957,0.06,0.24,66.92,0.27,5.62
5.803,958,0.06,0.24,66.97,0.26,5.63
5.810,959,0.06,0.24,67.01,0.26,5.63
5.816,960,0.06,0.23,67.06,0.26,5.63
5.822,961,0.06,0.23,67.11,0.26,5.63
5.828,962,0.06,0.23,67.16,0.25,5.63
5.834,963,0.06,0.23,67.22,0.25,5.63
5.840,964,0.06,0.23,67.27,0.25,5.63
5.846,965,0.06,0.23,67.32,0.25,5.63
5.852,966,0.06,0.23,67.38,0.24,5.63
5.858,967,0.06,0.22,67.44,0.24,5.63
5.864,968,0.06,0.22,67.50,0.24,5.63
5.870,969,0.06,0.22,67.56,0.24,5.63
5.876,970,0.06,0.22,67.62,0.23,5.63
5.882,971,0.06,0.22,67.68,0.23,5.63
5.888,972,0.06,0.22,67.75,0.23,5.63
5.894,973,0.06,0.22,67.81,0.23,5.63
5.900,974,0.06,0.21,67.88,0.22,5.63
5.906,975,0.06,0.21,67.95,0.22,5.63
5.913,976,0.07,0.21,68.01,0.22,5.63
5.919,977,0.07,0.21,68.08,0.22,5.63
5.925,978,0.07,0.21,68.15,0.22,5.63
5.931,979,0.07,0.21,68.23,0.21,5.64
5.937,980,0.07,0.21,68.30,0.21,5.64
5.943,981,0.07,0.21,68.37,0.21,5.64
5.949,982,0.07,0.20,67.92,0.97,5.64
5.955,983,0.07,0.20,67.49,0.96,5.64
5.961,984,0.07,0.20,67.06,0.95,5.64
5.967,985,0.07,0.20,66.65,0.94,5.64
5.973,986,0.07,0.20,66.25,0.94,5.64
5.979,987,0.07,0.19,65.86,0.93,5.64
5.985,988,0.07,0.19,65.48,0.92,5.64
5.991,989,0.07,0.19,65.11,0.91,5.64
5.997,990,0.07,0.19,64.75,0.90,5.64
6.003,991,0.07,0.19,64.40,0.89,5.64
6.009,992,0.07,0.19,64.07,0.88,5.64
6.016,993,0.07,0.18,63.74,0.87,5.64
6.022,994,0.07,0.18,63.42,0.86,5.64
6.028,995,0.07,0.18,63.11,0.85,5.64
6.034,996,0.07,0.18,62.81,0.85,5.64
6.040,997,0.07,0.18,62.52,0.84,5.64
6.046,998,0.07,0.18,62.23,0.83,5.64
6.052,999,0.07,0.17,61.96,0.82,5.64
6.058,1000,0.07,0.17,61.69,0.81,5.65
6.064,1001,0.07,0.17,61.43,0.80,5.65
6.070,1002,0.07,0.17,61.18,0.80,5.65
6.076,1003,0.07,0.17,60.93,0.79,5.65
6.082,1004,0.07,0.17,60.69,0.78,5.65
6.088,1005,0.07,0.16,60.46,0.77,5.65
6.094,1006,0.07,0.16,60.24,0.76,5.65
6.100,1007,0.07,0.16,60.02,0.76,5.65
6.106,1008,0.07,0.16,59.81,0.75,5.65
6.113,1009,0.07,0.16,59.61,0.74,5.65
6.119,1010,0.07,0.16,59.41,0.73,5.65
6.125,1011,0.07,0.16,59.22,0.73,5.65
6.131,1012,0.07,0.15,59.03,0.72,5.65
6.137,1013,0.07,0.15,58.86,0.71,5.65
6.143,1014,0.07,0.15,58.68,0.71,5.65
6.149,1015,0.07,0.15,58.51,0.70,5.65
6.155,1016,0.07,0.15,58.35,0.69,5.65
6.161,1017,0.07,0.15,58.19,0.68,5.65
6.167,1018,0.07,0.15,58.04,0.68,5.65
6.173,1019,0.07,0.15,57.90,0.67,5.65
6.179,1020,0.07,0.14,57.76,0.66,5.65
6.185,1021,0.07,0.14,57.62,0.66,5.66
6.191,1022,0.07,0.14,57.49,0.65,5.66
6.197,1023,0.07,0.14,57.36,0.64,5.66
6.203,1024,0.07,0.14,57.24,0.64,5.66
6.209,1025,0.07,0.14,57.12,0.63,5.66
6.216,1026,0.07,0.14,57.01,0.63,5.66
6.222,1027,0.07,0.14,56.90,0.62,5.66
6.228,1028,0.07,0.14,56.80,0.61,5.66
6.234,1029,0.07,0.13,56.70,0.61,5.66
6.240,1030,0.08,0.13,56.60,0.60,5.66
6.246,1031,0.08,0.13,56.51,0.60,5.66
6.252,1032,0.08,0.13,56.42,0.59,5.66
6.258,1033,0.08,0.13,56.34,0.58,5.66
6.264,1034,0.08,0.13,56.26,0.58,5.66
6.270,1035,0.08,0.13,56.19,0.57,5.66
6.276,1036,0.08,0.13,56.11,0.57,5.66
6.282,1037,0.08,0.13,56.05,0.56,5.66
6.288,1038,0.08,0.13,55.98,0.55,5.67
6.294,1039,0.08,0.12,55.92,0.55,5.67
6.300,1040,0.08,0.12,55.86,0.54,5.67
6.306,1041,0.08,0.12,55.81,0.54,5.67
6.313,1042,0.08,0.12,55.76,0.53,5.67
6.319,1043,0.08,0.12,55.71,0.53,5.67
6.325,1044,0.08,0.12,55.67,0.52,5.67
6.331,1045,0.08,0.12,55.62,0.52,5.67
6.337,1046,0.08,0.12,55.59,0.51,5.67
6.343,1047,0.08,0.12,55.55,0.51,5.67
6.349,1048,0.08,0.12,55.52,0.50,5.67
6.355,1049,0.08,0.12,55.49,0.50,5.67
6.361,1050,0.08,0.11,55.47,0.49,5.67
6.367,1051,0.08,0.11,55.44,0.49,5.68
6.373,1052,0.08,0.11,55.42,0.48,5.68
6.379,1053,0.08,0.11,55.40,0.48,5.68
6.385,1054,0.08,0.11,55.39,0.47,5.68
6.391,1055,0.08,0.11,55.38,0.47,5.68
6.397,1056,0.08,0.11,55.37,0.46,5.68
6.403,1057,0.09,0.11,55.36,0.46,5.68
6.410,1058,0.09,0.11,55.36,0.45,5.68
6.416,1059,0.09,0.11,55.36,0.45,5.68
6.422,1060,0.09,0.11,55.36,0.44,5.68
6.428,1061,0.09,0.11,55.36,0.44,5.68
6.434,1062,0.09,0.10,55.37,0.44,5.68
6.440,1063,0.09,0.10,55.37,0.43,5.68
6.446,1064,0.09,0.10,55.38,0.43,5.68
6.452,1065,0.09,0.10,55.40,0.42,5.68
6.458,1066,0.09,0.10,55.41,0.42,5.68
6.464,1067,0.09,0.10,55.43,0.41,5.68
6.470,1068,0.09,0.10,55.45,0.41,5.68
6.476,1069,0.09,0.10,55.47,0.41,5.68
